<?xml version="1.0" encoding="UTF-8"?><?xml-stylesheet title="XSL_formatting" type="text/xsl" href="/shared/bsp/xsl/rss/nolsol.xsl"?><media timestamp="1399500804">		<source id="http://feeds.bbci.co.uk/news/world/rss.xml">		<rss xmlns:media="http://search.yahoo.com/mrss/" xmlns:atom="http://www.w3.org/2005/Atom" version="2.0">  		  <channel>			<item>			  <title>Bresaola filet mignon tongue hamburger flank bacon.</title>			  <description>Bacon ipsum dolor sit amet drumstick capicola leberkas meatloaf flank tri-tip pancetta pastrami chuck. Jowl ground round leberkas pancetta. T-bone pork loin rump pastrami. Venison meatloaf jowl pork loin pork belly, salami t-bone doner flank sausage. Flank short ribs ham hock frankfurter, shoulder strip steak pork belly fatback boudin ball tip chuck. Sirloin frankfurter drumstick pork loin, venison pastrami beef turkey leberkas pig landjaeger t-bone jerky. Andouille porchetta rump pork chop doner.</description>			  <pubDate>Mon, 07 Oct 2013 11:28:14 GMT</pubDate>			  <media:thumbnail width="66" height="49" url="http://news.bbcimg.co.uk/media/images/70320000/jpg/_70320664_70320000.jpg"/>			</item>			<item>			  <title>Bacon ipsum dolor sit amet sirloin corned beef filet mignon porchetta tail.</title>			  <description>US Secretary of State John Kerry defends the US seizure of a suspected al-Qaeda leader in Libya, who he said was a "legal and appropriate target". US Secretary of State John Kerry defends the US seizure of a suspected al-Qaeda leader in Libya, who he said was a "legal and appropriate target". US Secretary of State John Kerry defends the US seizure of a suspected al-Qaeda leader in Libya, who he said was a "legal and appropriate target".</description>			  <link>http://www.bbc.co.uk/news/world-africa-24426033#sa-ns_mchannel=rss&amp;ns_source=PublicRSS20-sa</link>			  <guid isPermaLink="false">http://www.bbc.co.uk/news/world-africa-24426033</guid>			  <pubDate>Mon, 07 Oct 2013 08:56:30 GMT</pubDate>			  <media:thumbnail width="66" height="49" url="http://news.bbcimg.co.uk/media/images/70316000/jpg/_70316781_hlwuqhr5.jpg"/>			  <media:thumbnail width="144" height="81" url="http://news.bbcimg.co.uk/media/images/70316000/jpg/_70316782_hlwuqhr5.jpg"/>			</item>			<item>			  <title>Title 3</title>			  <description>Powerful Typhoon Fitow hits eastern China after triggering an evacuation of hundreds of thousands of people.</description>			  <link>http://www.bbc.co.uk/news/world-asia-china-24424336#sa-ns_mchannel=rss&amp;ns_source=PublicRSS20-sa</link>			  <guid isPermaLink="false">http://www.bbc.co.uk/news/world-asia-china-24424336</guid>			  <pubDate>Mon, 07 Oct 2013 08:40:45 GMT</pubDate>			  <media:thumbnail width="66" height="49" url="http://news.bbcimg.co.uk/media/images/70314000/jpg/_70314594_70314574.jpg"/>			  <media:thumbnail width="144" height="81" url="http://news.bbcimg.co.uk/media/images/70314000/jpg/_70314595_70314574.jpg"/>			</item>		  </channel> 		</rss>	</source>		<source id="http://search.test.com/">		<rss xmlns:media="http://search.yahoo.com/mrss/" xmlns:atom="http://www.w3.org/2005/Atom" version="2.0">  		  <channel> 			<title>TEST 1</title>  			<link>http://www.bbc.co.uk/news/world/#sa-ns_mchannel=rss&amp;ns_source=PublicRSS20-sa</link>  			<description>The latest stories from the World section of the BBC News web site. </description>  			<language>en-gb</language>  			<lastBuildDate>Mon, 07 Oct 2013 10:56:22 GMT</lastBuildDate>  			<copyright>Copyright: (C) British Broadcasting Corporation, see http://news.bbc.co.uk/2/hi/help/rss/4498287.stm for terms and conditions of reuse.</copyright>  			<image> 			  <url>http://news.bbcimg.co.uk/nol/shared/img/bbc_news_120x60.gif</url>  			  <title>BBC News - World</title>  			  <link>http://www.bbc.co.uk/news/world/#sa-ns_mchannel=rss&amp;ns_source=PublicRSS20-sa</link>  			  <width>120</width>  			  <height>60</height> 			</image>  			<ttl>15</ttl>  			<atom:link href="http://feeds.bbci.co.uk/news/world/rss.xml" rel="self" type="application/rss+xml"/>  			<item> 			  <title>Test 2</title>  			  <description>Gunmen kill five Egyptian soldiers near the Suez Canal city of Ismailiya, while another five die after a large car bomb targets security services in Sinai. Gunmen kill five Egyptian soldiers near the Suez Canal city of Ismailiya, while another five die after a large car bomb targets security services in Sinai. Gunmen kill five Egyptian soldiers near the Suez Canal city of Ismailiya, while another five die after a large car bomb targets security services in Sinai. Gunmen kill five Egyptian soldiers near the Suez Canal city of Ismailiya, while another five die after a large car bomb targets security services in Sinai.Gunmen kill five Egyptian soldiers near the Suez Canal city of Ismailiya, while another five die after a large car bomb targets security services in Sinai. Gunmen kill five Egyptian soldiers near the Suez Canal city of Ismailiya, while another five die after a large car bomb targets security services in Sinai. Gunmen kill five Egyptian soldiers near the Suez Canal city of Ismailiya, while another five die after a large car bomb targets security services in Sinai. Gunmen kill five Egyptian soldiers near the Suez Canal city of Ismailiya, while another five die after a large car bomb targets security services in Sinai.</description>  			  <link>http://www.bbc.co.uk/news/world-middle-east-24427345#sa-ns_mchannel=rss&amp;ns_source=PublicRSS20-sa</link>  			  <guid isPermaLink="false">http://www.bbc.co.uk/news/world-middle-east-24427345</guid>  			  <pubDate>Mon, 07 Oct 2013 11:28:14 GMT</pubDate>  			  <media:thumbnail width="66" height="49" url="http://news.bbcimg.co.uk/media/images/70320000/jpg/_70320664_70320000.jpg"/>  			  <media:thumbnail width="144" height="81" url="http://news.bbcimg.co.uk/media/images/70320000/jpg/_70320665_70320000.jpg"/> 			</item>  			<item> 			  <title>Test 3</title>  			  <description>US Secretary of State John Kerry defends the US seizure of a suspected al-Qaeda leader in Libya, who he said was a "legal and appropriate target". US Secretary of State John Kerry defends the US seizure of a suspected al-Qaeda leader in Libya, who he said was a "legal and appropriate target". US Secretary of State John Kerry defends the US seizure of a suspected al-Qaeda leader in Libya, who he said was a "legal and appropriate target".</description>  			  <link>http://www.bbc.co.uk/news/world-africa-24426033#sa-ns_mchannel=rss&amp;ns_source=PublicRSS20-sa</link>  			  <guid isPermaLink="false">http://www.bbc.co.uk/news/world-africa-24426033</guid>  			  <pubDate>Mon, 07 Oct 2013 08:56:30 GMT</pubDate>  			  <media:thumbnail width="66" height="49" url="http://news.bbcimg.co.uk/media/images/70316000/jpg/_70316781_hlwuqhr5.jpg"/>  			  <media:thumbnail width="144" height="81" url="http://news.bbcimg.co.uk/media/images/70316000/jpg/_70316782_hlwuqhr5.jpg"/> 			</item>  			<item> 			  <title>Test 4</title>  			  <description>Powerful Typhoon Fitow hits eastern China after triggering an evacuation of hundreds of thousands of people.</description>  			  <link>http://www.bbc.co.uk/news/world-asia-china-24424336#sa-ns_mchannel=rss&amp;ns_source=PublicRSS20-sa</link>  			  <guid isPermaLink="false">http://www.bbc.co.uk/news/world-asia-china-24424336</guid>  			  <pubDate>Mon, 07 Oct 2013 08:40:45 GMT</pubDate>  			  <media:thumbnail width="66" height="49" url="http://news.bbcimg.co.uk/media/images/70314000/jpg/_70314594_70314574.jpg"/>  			  <media:thumbnail width="144" height="81" url="http://news.bbcimg.co.uk/media/images/70314000/jpg/_70314595_70314574.jpg"/> 			</item>  		  </channel> 		</rss>	</source></media>