<?xml version="1.0" encoding="utf-8" ?>
<data timestamp="1399560804">
	<city id="SPXX0191">
		<day date="9 May 2014" low="38" high="61" code="44"/>
		<day date="10 May 2014" low="16" high="24" code="25"/>
		<day date="11 May 2014" low="43" high="165" code="28"/>
		<day date="12 May 2014" low="41" high="151" code="31"/>
		<day date="13 May 2014" low="28" high="143" code="5"/>
	</city>
	<city id="SPXX0190">
		<day date="27 Apr 2014" low="38" high="61" code="28"/>
		<day date="28 Apr 2014" low="43" high="166" code="34"/>
		<day date="29 Apr 2014" low="43" high="65" code="28"/>
		<day date="30 Apr 2014" low="31" high="51" code="11"/>
		<day date="31 Apr 2014" low="28" high="43" code="5"/>
	</city>
    <city id="SPXX0189">
        <day date="5 May 2014" low="38" high="61" code="28"/>
        <day date="6 May 2014" low="43" high="166" code="34"/>
        <day date="7 May 2014" low="43" high="65" code="28"/>
        <day date="8 May 2014" low="31" high="51" code="11"/>
        <day date="9 May 2014" low="28" high="43" code="5"/>
    </city>
</data>